P (MPa),T (°C),VL (m3/kg),VV (m3/kg),UL (kJ/kg),UV (kJ/kg),DUvap (kJ/kg),HL (kJ/kg),HV (kJ/kg), DHvap (kJ/kg),SL [kJ/(kg K)],SV [kJ/(kg K)], DSvap [kJ/(kg K)]
0.0006117,0.01000,0.001000,206.0,0.000,2375,2375,0.000,2501,2501,0.000,9.156,9.156
0.0007,1.881,0.001000,181.2,7.890,2377,2370.,7.890,2504,2497,0.02878,9.106,9.077
0.0008,3.761,0.001000,159.6,15.81,2380.,2364,15.81,2508,2492,0.05748,9.057,8.999
0.0009,5.444,0.001000,142.8,22.89,2382,2360.,22.89,2511,2488,0.08297,9.014,8.931
0.0010,6.970,0.001000,129.2,29.30,2385,2355,29.30,2514,2484,0.1059,8.975,8.869
0.0012,9.654,0.001000,108.7,40.57,2388,2348,40.57,2519,2478,0.1460,8.908,8.762
0.0014,11.97,0.001001,93.90,50.28,2391,2341,50.28,2523,2473,0.1802,8.852,8.672
0.0016,14.01,0.001001,82.74,58.83,2394,2335,58.83,2527,2468,0.2100,8.804,8.594
0.0018,15.84,0.001001,74.01,66.49,2397,2330.,66.49,2530.,2463,0.2366,8.761,8.524
0.0020,17.50,0.001001,66.99,73.43,2399,2325,73.43,2533,2459,0.2606,8.723,8.462
0.0024,20.41,0.001002,56.38,85.65,2403,2317,85.65,2538,2453,0.3024,8.657,8.354
0.0028,22.94,0.001002,48.73,96.19,2406,2310.,96.19,2543,2447,0.3382,8.601,8.263
0.0032,25.16,0.001003,42.95,105.5,2409,2304,105.5,2547,2441,0.3695,8.553,8.184
0.0036,27.15,0.001004,38.43,113.8,2412,2298,113.8,2550.,2437,0.3973,8.511,8.114
0.0040,28.96,0.001004,34.79,121.4,2415,2293,121.4,2554,2432,0.4224,8.473,8.051
0.0045,31.01,0.001005,31.13,130.0,2417,2287,130.0,2557,2427,0.4507,8.431,7.981
0.0050,32.87,0.001005,28.19,137.7,2420.,2282,137.8,2561,2423,0.4762,8.394,7.918
0.0055,34.58,0.001006,25.76,144.9,2422,2277,144.9,2564,2419,0.4995,8.360,7.861
0.0060,36.16,0.001006,23.73,151.5,2424,2273,151.5,2567,2415,0.5208,8.329,7.808
0.0065,37.63,0.001007,22.01,157.6,2426,2269,157.6,2569,2412,0.5406,8.301,7.760
0.0070,39.00,0.001008,20.52,163.3,2428,2265,163.4,2572,2408,0.5590,8.275,7.715
0.0075,40.29,0.001008,19.23,168.7,2430.,2261,168.8,2574,2405,0.5763,8.250,7.674
0.0080,41.51,0.001008,18.10,173.8,2431,2258,173.8,2576,2402,0.5925,8.227,7.635
0.0085,42.66,0.001009,17.10,178.7,2433,2254,178.7,2578,2400.,0.6078,8.206,7.598
0.0090,43.76,0.001009,16.20,183.2,2434,2251,183.3,2580.,2397,0.6223,8.186,7.564
0.0095,44.81,0.001010,15.40,187.6,2436,2248,187.6,2582,2395,0.6361,8.167,7.531
0.010,45.81,0.001010,14.67,191.8,2437,2245,191.8,2584,2392,0.6492,8.149,7.500
0.011,47.68,0.001011,13.41,199.6,2440.,2240.,199.7,2587,2388,0.6737,8.115,7.442
0.012,49.42,0.001012,12.36,206.9,2442,2235,206.9,2590.,2383,0.6963,8.085,7.389
0.013,51.03,0.001013,11.46,213.7,2444,2230.,213.7,2593,2379,0.7172,8.057,7.340
0.014,52.55,0.001013,10.69,220.0,2446,2226,220.0,2596,2376,0.7366,8.031,7.295
0.016,55.31,0.001015,9.431,231.6,2450.,2218,231.6,2601,2369,0.7720,7.985,7.213
0.018,57.80,0.001016,8.443,241.9,2453,2211,242.0,2605,2363,0.8036,7.944,7.140
0.020,60.06,0.001017,7.648,251.4,2456,2205,251.4,2609,2358,0.8320,7.907,7.075
0.024,64.05,0.001019,6.445,268.1,2461,2193,268.2,2616,2348,0.8819,7.844,6.962
0.028,67.52,0.001021,5.578,282.6,2466,2183,282.7,2622,2339,0.9247,7.791,6.866
0.032,70.59,0.001023,4.922,295.5,2470.,2174,295.5,2627,2332,0.9623,7.745,6.783
0.036,73.35,0.001025,4.407,307.1,2473,2166,307.1,2632,2325,0.9958,7.705,6.709
0.040,75.86,0.001026,3.993,317.6,2476,2159,317.6,2636,2318,1.026,7.669,6.643
0.045,78.72,0.001028,3.576,329.6,2480.,2150.,329.6,2641,2311,1.060,7.629,6.569
0.050,81.32,0.001030,3.240,340.5,2483,2143,340.5,2645,2305,1.091,7.593,6.502
0.05,81.32,0.001030,3.240,340.5,2483,2143,340.5,2645,2305,1.091,7.593,6.502
0.055,83.71,0.001032,2.964,350.5,2486,2136,350.6,2649,2299,1.119,7.561,6.441
0.06,85.93,0.001033,2.732,359.9,2489,2129,359.9,2653,2293,1.145,7.531,6.386
0.065,87.99,0.001035,2.535,368.5,2492,2123,368.6,2656,2288,1.170,7.504,6.335
0.07,89.93,0.001036,2.365,376.7,2494,2117,376.8,2659,2283,1.192,7.479,6.287
0.075,91.76,0.001037,2.217,384.4,2496,2112,384.4,2662,2278,1.213,7.456,6.243
0.08,93.49,0.001039,2.087,391.6,2498,2107,391.7,2665,2274,1.233,7.434,6.201
0.085,95.13,0.001040,1.972,398.5,2500.,2102,398.6,2668,2269,1.252,7.414,6.162
0.09,96.69,0.001041,1.869,405.1,2502,2097,405.2,2670.,2265,1.270,7.394,6.125
0.10,98.18,0.001042,1.777,411.4,2504,2093,411.5,2673,2261,1.287,7.376,6.090
0.1,99.61,0.001043,1.694,417.4,2506,2088,417.5,2675,2257,1.303,7.359,6.056
0.11,102.3,0.001045,1.550,428.7,2509,2080.,428.8,2679,2250.,1.333,7.327,5.994
0.12,104.8,0.001047,1.428,439.2,2512,2072,439.4,2683,2244,1.361,7.298,5.937
0.13,107.1,0.001049,1.325,449.1,2514,2065,449.2,2687,2238,1.387,7.271,5.884
0.14,109.3,0.001051,1.237,458.3,2517,2059,458.4,2690.,2232,1.411,7.246,5.835
0.15,111.3,0.001053,1.159,467.0,2519,2052,467.1,2693,2226,1.434,7.223,5.789
0.16,113.3,0.001054,1.091,475.2,2521,2046,475.4,2696,2221,1.455,7.201,5.746
0.17,115.1,0.001056,1.031,483.0,2524,2040.,483.2,2699,2216,1.475,7.181,5.706
0.18,116.9,0.001058,0.9775,490.5,2526,2035,490.7,2701,2211,1.495,7.162,5.668
0.19,118.6,0.001059,0.9292,497.7,2527,2030.,497.9,2704,2206,1.513,7.144,5.631
0.2,120.2,0.001061,0.8857,504.5,2529,2025,504.7,2706,2202,1.530,7.127,5.597
0.21,121.8,0.001062,0.8461,511.1,2531,2020.,511.3,2709,2197,1.547,7.111,5.564
0.22,123.3,0.001063,0.8101,517.4,2532,2015,517.6,2711,2193,1.563,7.095,5.532
0.23,124.7,0.001065,0.7770,523.5,2534,2011,523.7,2713,2189,1.578,7.080,5.502
0.24,126.1,0.001066,0.7467,529.4,2535,2006,529.6,2715,2185,1.593,7.066,5.473
0.25,127.4,0.001067,0.7187,535.1,2537,2002,535.3,2717,2181,1.607,7.052,5.445
0.26,128.7,0.001068,0.6927,540.6,2538,1998,540.9,2718,2177,1.621,7.039,5.418
0.27,130.0,0.001070,0.6687,546.0,2540.,1994,546.2,2720.,2174,1.634,7.027,5.393
0.28,131.2,0.001071,0.6462,551.1,2541,1990.,551.4,2722,2170.,1.647,7.015,5.368
0.29,132.4,0.001072,0.6253,556.2,2542,1986,556.5,2723,2167,1.660,7.003,5.343
0.3,133.5,0.001073,0.6058,561.1,2543,1982,561.4,2725,2164,1.672,6.992,5.320
0.31,134.6,0.001074,0.5874,565.9,2544,1978,566.2,2726,2160.,1.684,6.981,5.297
0.32,135.7,0.001075,0.5702,570.6,2545,1975,570.9,2728,2157,1.695,6.970,5.275
0.33,136.8,0.001076,0.5540,575.1,2547,1971,575.5,2729,2154,1.706,6.960,5.254
0.34,137.8,0.001078,0.5386,579.5,2548,1968,579.9,2731,2151,1.717,6.950,5.233
0.35,138.9,0.001079,0.5242,583.9,2549,1965,584.3,2732,2148,1.727,6.940,5.213
0.36,139.8,0.001080,0.5105,588.1,2549,1961,588.5,2733,2145,1.738,6.931,5.193
0.37,140.8,0.001081,0.4975,592.3,2550.,1958,592.7,2735,2142,1.748,6.922,5.174
0.38,141.8,0.001082,0.4852,596.3,2551,1955,596.8,2736,2139,1.758,6.913,5.155
0.39,142.7,0.001083,0.4735,600.3,2552,1952,600.7,2737,2136,1.767,6.904,5.137
0.4,143.6,0.001084,0.4624,604.2,2553,1949,604.7,2738,2133,1.777,6.896,5.119
0.4,143.6,0.001084,0.4624,604.2,2553,1949,604.7,2738,2133,1.777,6.896,5.119
0.42,145.4,0.001085,0.4417,611.8,2555,1943,612.3,2740.,2128,1.795,6.879,5.085
0.44,147.1,0.001087,0.4227,619.1,2556,1937,619.6,2742,2123,1.812,6.864,5.052
0.46,148.7,0.001089,0.4054,626.1,2558,1932,626.6,2744,2118,1.829,6.849,5.020
0.48,150.3,0.001091,0.3895,633.0,2559,1926,633.5,2746,2113,1.845,6.834,4.990
0.5,151.8,0.001093,0.3748,639.5,2561,1921,640.1,2748,2108,1.860,6.821,4.960
0.52,153.3,0.001094,0.3612,645.9,2562,1916,646.5,2750.,2103,1.875,6.808,4.932
0.54,154.8,0.001096,0.3486,652.1,2563,1911,652.7,2752,2099,1.890,6.795,4.905
0.56,156.1,0.001097,0.3368,658.2,2565,1906,658.8,2753,2094,1.904,6.783,4.879
0.58,157.5,0.001099,0.3259,664.0,2566,1902,664.7,2755,2090.,1.918,6.771,4.853
0.6,158.8,0.001101,0.3156,669.7,2567,1897,670.4,2756,2086,1.931,6.759,4.828
0.62,160.1,0.001102,0.3060,675.3,2568,1893,676.0,2758,2082,1.944,6.748,4.805
0.64,161.4,0.001104,0.2969,680.7,2569,1888,681.4,2759,2078,1.956,6.737,4.781
0.66,162.6,0.001105,0.2884,686.0,2570.,1884,686.7,2760.,2074,1.968,6.727,4.759
0.68,163.8,0.001107,0.2804,691.2,2571,1880.,691.9,2762,2070.,1.980,6.717,4.737
0.7,164.9,0.001108,0.2728,696.2,2572,1876,697.0,2763,2066,1.992,6.707,4.715
0.72,166.1,0.001109,0.2656,701.2,2573,1872,702.0,2764,2062,2.003,6.698,4.694
0.74,167.2,0.001111,0.2588,706.0,2574,1868,706.8,2765,2058,2.014,6.688,4.674
0.76,168.3,0.001112,0.2523,710.8,2574,1864,711.6,2766,2055,2.025,6.679,4.654
0.78,169.4,0.001113,0.2462,715.4,2575,1860.,716.3,2767,2051,2.035,6.670,4.635
0.8,170.4,0.001115,0.2403,720.0,2576,1856,720.9,2768,2047,2.046,6.662,4.616
0.82,171.4,0.001116,0.2348,724.4,2577,1852,725.4,2769,2044,2.056,6.653,4.598
0.84,172.4,0.001117,0.2295,728.8,2578,1849,729.8,2770.,2041,2.066,6.645,4.579
0.86,173.4,0.001119,0.2244,733.2,2578,1845,734.1,2771,2037,2.075,6.637,4.562
0.88,174.4,0.001120,0.2195,737.4,2579,1842,738.4,2772,2034,2.085,6.629,4.544
0.9,175.4,0.001121,0.2149,741.6,2580.,1838,742.6,2773,2031,2.094,6.621,4.527
0.92,176.3,0.001122,0.2104,745.7,2580.,1835,746.7,2774,2027,2.103,6.614,4.511
0.94,177.2,0.001124,0.2062,749.7,2581,1831,750.7,2775,2024,2.112,6.606,4.494
0.96,178.1,0.001125,0.2021,753.6,2582,1828,754.7,2776,2021,2.121,6.599,4.478
0.98,179.0,0.001126,0.1981,757.6,2582,1825,758.7,2776,2018,2.130,6.592,4.462
1.00,179.9,0.001127,0.1944,761.4,2583,1821,762.5,2777,2015,2.138,6.585,4.447
1.05,182.0,0.001130,0.1855,770.8,2584,1813,771.9,2779,2007,2.159,6.568,4.410
1.10,184.1,0.001133,0.1775,779.8,2585,1806,781.0,2781,2000.,2.179,6.552,4.374
1.15,186.0,0.001136,0.1701,788.5,2587,1798,789.8,2782,1992,2.198,6.537,4.339
1.20,188.0,0.001139,0.1633,797.0,2588,1791,798.3,2784,1985,2.216,6.522,4.306
1.25,189.8,0.001141,0.1570,805.2,2589,1784,806.6,2785,1979,2.234,6.507,4.274
1.30,191.6,0.001144,0.1512,813.1,2590.,1777,814.6,2787,1972,2.251,6.494,4.243
1.35,193.3,0.001146,0.1458,820.8,2591,1770.,822.4,2788,1965,2.267,6.480,4.213
1.40,195.0,0.001149,0.1408,828.4,2592,1763,830.0,2789,1959,2.284,6.468,4.184
1.45,196.7,0.001151,0.1361,835.7,2593,1757,837.4,2790.,1953,2.299,6.455,4.156
1.50,198.3,0.001154,0.1317,842.8,2593,1751,844.6,2791,1946,2.314,6.443,4.129
1.5,198.3,0.001154,0.1317,842.8,2593,1751,844.6,2791,1946,2.314,6.443,4.129
1.55,199.8,0.001156,0.1276,849.8,2594,1744,851.6,2792,1940.,2.329,6.431,4.102
1.6,201.4,0.001159,0.1237,856.6,2595,1738,858.5,2793,1934,2.344,6.420,4.077
1.65,202.9,0.001161,0.1201,863.3,2596,1732,865.2,2794,1929,2.358,6.409,4.051
1.7,204.3,0.001163,0.1167,869.8,2596,1726,871.7,2795,1923,2.371,6.398,4.027
1.75,205.7,0.001166,0.1134,876.1,2597,1721,878.2,2795,1917,2.385,6.388,4.003
1.8,207.1,0.001168,0.1104,882.4,2597,1715,884.5,2796,1911,2.398,6.378,3.980
1.9,208.5,0.001170,0.1075,888.5,2598,1709,890.7,2797,1906,2.410,6.368,3.957
1.9,209.8,0.001172,0.1047,894.5,2598,1704,896.7,2797,1901,2.423,6.358,3.935
1.95,211.1,0.001175,0.1021,900.4,2599,1698,902.7,2798,1895,2.435,6.348,3.914
2,212.4,0.001177,0.09959,906.2,2599,1693,908.5,2798,1890.,2.447,6.339,3.892
2.1,214.9,0.001181,0.09494,917.4,2600.,1683,919.9,2799,1879,2.470,6.321,3.851
2.2,217.2,0.001185,0.09070,928.3,2601,1672,930.9,2800.,1869,2.492,6.304,3.812
2.3,219.6,0.001189,0.08682,938.8,2601,1662,941.5,2801,1859,2.514,6.287,3.774
2.4,221.8,0.001193,0.08324,949.0,2602,1653,951.9,2801,1850.,2.534,6.271,3.737
2.5,224.0,0.001197,0.07995,958.9,2602,1643,961.9,2802,1840.,2.554,6.256,3.702
2.6,226.0,0.001201,0.07690,968.6,2602,1634,971.7,2802,1831,2.574,6.241,3.667
2.7,228.1,0.001205,0.07407,977.9,2603,1625,981.2,2803,1822,2.592,6.226,3.634
2.8,230.1,0.001209,0.07143,987.1,2603,1616,990.5,2803,1812,2.611,6.212,3.602
2.9,232.0,0.001213,0.06897,996.0,2603,1607,999.5,2803,1804,2.628,6.199,3.571
3,233.9,0.001217,0.06666,1005,2603,1599,1008,2803,1795,2.646,6.186,3.540
3.1,235.7,0.001220,0.06450,1013,2603,1590.,1017,2803,1786,2.662,6.173,3.510
3.2,237.5,0.001224,0.06248,1022,2603,1582,1025,2803,1778,2.679,6.160,3.482
3.3,239.2,0.001228,0.06056,1030.,2603,1574,1034,2803,1769,2.695,6.148,3.453
3.4,240.9,0.001231,0.05876,1038,2603,1566,1042,2803,1761,2.710,6.136,3.426
3.5,242.6,0.001235,0.05706,1046,2603,1557,1050.,2803,1753,2.725,6.124,3.399
3.6,244.2,0.001239,0.05545,1053,2603,1550.,1058,2802,1745,2.740,6.113,3.373
3.7,245.8,0.001242,0.05392,1061,2603,1542,1065,2802,1737,2.755,6.102,3.347
3.8,247.3,0.001246,0.05247,1068,2602,1534,1073,2802,1729,2.769,6.091,3.322
3.9,248.9,0.001249,0.05109,1075,2602,1527,1080.,2801,1721,2.783,6.080,3.297
4,250.4,0.001253,0.04978,1083,2602,1519,1088,2801,1713,2.797,6.070,3.273
4.1,251.8,0.001256,0.04853,1090.,2601,1512,1095,2800.,1706,2.810,6.059,3.249
4.2,253.3,0.001259,0.04733,1096,2601,1505,1102,2800.,1698,2.823,6.049,3.226
4.3,254.7,0.001263,0.04619,1103,2601,1497,1109,2799,1691,2.836,6.039,3.203
4.4,256.1,0.001266,0.04510,1110.,2600.,1490.,1116,2799,1683,2.849,6.029,3.180
4.5,257.4,0.001270,0.04406,1117,2600.,1483,1122,2798,1676,2.862,6.020,3.158
4.6,258.8,0.001273,0.04306,1123,2599,1476,1129,2797,1668,2.874,6.010,3.136
4.7,260.1,0.001276,0.04210,1130.,2599,1469,1136,2797,1661,2.886,6.001,3.115
4.8,261.4,0.001280,0.04118,1136,2598,1462,1142,2796,1654,2.898,5.992,3.094
4.9,262.7,0.001283,0.04030,1142,2598,1456,1148,2795,1647,2.910,5.983,3.073
5,263.9,0.001286,0.03945,1148,2597,1449,1155,2794,1640.,2.921,5.974,3.053
5.1,265.2,0.001290,0.03863,1154,2596,1442,1161,2793,1633,2.932,5.965,3.033
5.2,266.4,0.001293,0.03784,1160.,2596,1435,1167,2793,1626,2.944,5.956,3.013
5.3,267.6,0.001296,0.03708,1166,2595,1429,1173,2792,1619,2.955,5.948,2.993
5.4,268.8,0.001300,0.03635,1172,2594,1422,1179,2791,1612,2.965,5.939,2.974
5.5,270.0,0.001303,0.03564,1178,2594,1416,1185,2790.,1605,2.976,5.931,2.955
5.6,271.1,0.001306,0.03496,1184,2593,1409,1191,2789,1598,2.987,5.922,2.936
5.7,272.3,0.001309,0.03430,1189,2592,1403,1197,2788,1591,2.997,5.914,2.917
5.8,273.4,0.001313,0.03366,1195,2592,1397,1203,2787,1584,3.008,5.906,2.899
5.9,274.5,0.001316,0.03305,1201,2591,1390.,1208,2786,1577,3.018,5.898,2.880
6,275.6,0.001319,0.03245,1206,2590.,1384,1214,2785,1571,3.028,5.890,2.862
6.1,276.7,0.001323,0.03187,1211,2589,1378,1220.,2784,1564,3.038,5.882,2.845
6.2,277.7,0.001326,0.03131,1217,2588,1371,1225,2782,1557,3.048,5.875,2.827
6.3,278.8,0.001329,0.03077,1222,2587,1365,1231,2781,1551,3.057,5.867,2.810
6.4,279.8,0.001332,0.03024,1228,2587,1359,1236,2780.,1544,3.067,5.859,2.792
6.5,280.9,0.001336,0.02973,1233,2586,1353,1241,2779,1538,3.076,5.852,2.775
6.6,281.9,0.001339,0.02923,1238,2585,1347,1247,2778,1531,3.086,5.844,2.758
6.7,282.9,0.001342,0.02875,1243,2584,1341,1252,2776,1524,3.095,5.837,2.742
6.8,283.9,0.001345,0.02828,1248,2583,1335,1257,2775,1518,3.104,5.829,2.725
6.9,284.9,0.001349,0.02782,1253,2582,1329,1263,2774,1511,3.113,5.822,2.709
7,285.8,0.001352,0.02738,1258,2581,1323,1268,2773,1505,3.122,5.815,2.692
7.1,286.8,0.001355,0.02695,1263,2580.,1317,1273,2771,1499,3.131,5.808,2.676
7.2,287.7,0.001358,0.02653,1268,2579,1311,1278,2770.,1492,3.140,5.800,2.660
7.3,288.7,0.001362,0.02612,1273,2578,1305,1283,2769,1486,3.149,5.793,2.644
7.4,289.6,0.001365,0.02572,1278,2577,1299,1288,2767,1479,3.158,5.786,2.629
7.5,290.5,0.001368,0.02533,1283,2576,1293,1293,2766,1473,3.166,5.779,2.613
7.6,291.4,0.001371,0.02495,1288,2575,1287,1298,2765,1467,3.175,5.772,2.598
7.7,292.4,0.001375,0.02458,1292,2574,1282,1303,2763,1460.,3.183,5.765,2.582
7.8,293.2,0.001378,0.02422,1297,2573,1276,1308,2762,1454,3.192,5.759,2.567
7.9,294.1,0.001381,0.02387,1302,2572,1270.,1313,2760.,1448,3.200,5.752,2.552
8,295.0,0.001385,0.02353,1306,2571,1264,1317,2759,1441,3.208,5.745,2.537
8.1,295.9,0.001388,0.02319,1311,2569,1259,1322,2757,1435,3.216,5.738,2.522
8.2,296.7,0.001391,0.02286,1315,2568,1253,1327,2756,1429,3.224,5.732,2.507
8.3,297.6,0.001395,0.02254,1320.,2567,1247,1332,2754,1423,3.232,5.725,2.493
8.4,298.4,0.001398,0.02223,1325,2566,1241,1336,2753,1416,3.240,5.718,2.478
8.5,299.3,0.001401,0.02192,1329,2565,1236,1341,2751,1410.,3.248,5.712,2.463
8.6,300.1,0.001405,0.02162,1334,2563,1230.,1346,2749,1404,3.256,5.705,2.449
8.7,300.9,0.001408,0.02133,1338,2562,1224,1350.,2748,1398,3.264,5.699,2.435
8.8,301.7,0.001411,0.02105,1342,2561,1219,1355,2746,1392,3.272,5.692,2.420
8.9,302.5,0.001415,0.02077,1347,2560.,1213,1359,2745,1385,3.279,5.686,2.406
9,303.3,0.001418,0.02049,1351,2559,1207,1364,2743,1379,3.287,5.679,2.392
9,303.3,0.001418,0.02049,1351,2559,1207,1364,2743,1379,3.287,5.679,2.392
9.1,304.1,0.001422,0.02022,1356,2557,1202,1368,2741,1373,3.295,5.673,2.378
9.2,304.9,0.001425,0.01996,1360.,2556,1196,1373,2740.,1367,3.302,5.666,2.364
9.3,305.7,0.001428,0.01970,1364,2555,1191,1377,2738,1361,3.310,5.660,2.350
9.4,306.5,0.001432,0.01945,1368,2553,1185,1382,2736,1354,3.317,5.654,2.337
9.5,307.2,0.001435,0.01920,1373,2552,1179,1386,2734,1348,3.324,5.647,2.323
9.6,308.0,0.001439,0.01896,1377,2551,1174,1391,2733,1342,3.332,5.641,2.309
9.7,308.8,0.001442,0.01872,1381,2549,1168,1395,2731,1336,3.339,5.635,2.296
9.8,309.5,0.001446,0.01848,1385,2548,1163,1399,2729,1330.,3.346,5.628,2.282
9.9,310.3,0.001449,0.01826,1389,2547,1157,1404,2727,1324,3.354,5.622,2.269
10,311.0,0.001453,0.01803,1394,2545,1152,1408,2726,1317,3.361,5.616,2.255
10.2,312.5,0.001460,0.01759,1402,2542,1141,1417,2722,1305,3.375,5.604,2.229
10.4,313.9,0.001467,0.01717,1410.,2539,1130.,1425,2718,1293,3.389,5.591,2.202
10.6,315.3,0.001474,0.01676,1418,2537,1118,1434,2714,1281,3.403,5.579,2.176
10.8,316.7,0.001481,0.01637,1426,2534,1107,1442,2710.,1268,3.417,5.567,2.150
11,318.1,0.001489,0.01599,1434,2530.,1096,1450.,2706,1256,3.430,5.555,2.124
11.2,319.4,0.001496,0.01562,1442,2527,1085,1459,2702,1244,3.444,5.542,2.099
11.4,320.8,0.001503,0.01527,1450.,2524,1074,1467,2698,1231,3.457,5.530,2.073
11.6,322.1,0.001511,0.01492,1458,2521,1063,1475,2694,1219,3.471,5.518,2.048
11.8,323.4,0.001519,0.01459,1465,2518,1052,1483,2690.,1206,3.484,5.506,2.022
12,324.7,0.001526,0.01426,1473,2514,1041,1492,2685,1194,3.497,5.494,1.997
12.2,325.9,0.001534,0.01395,1481,2511,1030.,1500.,2681,1182,3.510,5.482,1.972
12.4,327.2,0.001542,0.01365,1489,2507,1019,1508,2677,1169,3.523,5.470,1.947
12.6,328.4,0.001550,0.01335,1496,2504,1008,1516,2672,1156,3.535,5.458,1.922
12.8,329.6,0.001558,0.01306,1504,2500.,996.5,1524,2667,1144,3.548,5.446,1.898
13,330.9,0.001566,0.01278,1511,2497,985.5,1532,2663,1131,3.561,5.434,1.873
13.2,332.0,0.001575,0.01251,1519,2493,974.2,1539,2658,1119,3.573,5.422,1.848
13.4,333.2,0.001583,0.01224,1526,2489,962.9,1547,2653,1106,3.586,5.409,1.823
13.6,334.4,0.001592,0.01198,1534,2485,951.5,1555,2648,1093,3.598,5.397,1.799
13.8,335.5,0.001601,0.01173,1541,2481,940.1,1563,2643,1080.,3.611,5.385,1.774
14,336.7,0.001610,0.01149,1549,2477,928.6,1571,2638,1067,3.623,5.373,1.750
14.2,337.8,0.001619,0.01125,1556,2473,917.1,1579,2633,1054,3.636,5.360,1.725
14.4,338.9,0.001628,0.01101,1563,2469,905.4,1587,2627,1041,3.648,5.348,1.700
14.6,340.0,0.001638,0.01078,1571,2465,893.9,1595,2622,1027,3.660,5.336,1.676
14.8,341.1,0.001647,0.01056,1578,2460.,882.2,1602,2616,1014,3.672,5.323,1.651
15,342.2,0.001657,0.01034,1585,2456,870.3,1610.,2611,1001,3.685,5.311,1.626
15.2,343.2,0.001667,0.01012,1593,2451,858.3,1618,2605,986.9,3.697,5.298,1.601
15.4,344.3,0.001677,0.009914,1600.,2446,846.3,1626,2599,973.2,3.709,5.285,1.576
15.6,345.3,0.001688,0.009708,1608,2442,834.2,1634,2593,959.3,3.721,5.272,1.551
15.8,346.3,0.001698,0.009507,1615,2437,821.9,1642,2587,945.3,3.734,5.259,1.526
16,347.4,0.001709,0.009309,1622,2432,809.6,1650.,2581,931.1,3.746,5.246,1.501
16.0,347.4,0.001709,0.009309,1622,2432,809.6,1650.,2581,931.1,3.746,5.246,1.501
16.2,348.4,0.001721,0.009115,1630.,2427,796.9,1658,2574,916.8,3.758,5.233,1.475
16.4,349.4,0.001732,0.008924,1637,2422,784.2,1666,2568,902.2,3.770,5.220,1.449
16.6,350.3,0.001744,0.008737,1645,2416,771.6,1674,2561,887.5,3.783,5.206,1.424
16.8,351.3,0.001757,0.008552,1652,2411,758.4,1682,2555,872.6,3.795,5.193,1.397
17.0,352.3,0.001769,0.008371,1660.,2405,745.3,1690.,2548,857.5,3.808,5.179,1.371
17.2,353.3,0.001782,0.008192,1668,2400.,731.9,1698,2540.,842.1,3.820,5.165,1.344
17.4,354.2,0.001796,0.008016,1675,2394,718.1,1707,2533,826.5,3.833,5.150,1.317
17.6,355.1,0.001810,0.007843,1683,2388,704.4,1715,2526,810.5,3.846,5.136,1.290
17.8,356.1,0.001825,0.007671,1691,2381,690.3,1724,2518,794.3,3.859,5.121,1.262
18.0,357.0,0.001840,0.007502,1699,2375,675.8,1732,2510.,777.7,3.872,5.106,1.234
18.2,357.9,0.001856,0.007334,1707,2368,661.1,1741,2502,760.8,3.885,5.091,1.206
18.4,358.8,0.001872,0.007168,1715,2361,646.0,1750.,2493,743.5,3.899,5.075,1.177
18.6,359.7,0.001890,0.007003,1724,2354,630.5,1759,2484,725.8,3.912,5.059,1.147
18.8,360.6,0.001908,0.006840,1732,2347,614.9,1768,2475,707.6,3.926,5.043,1.117
19.0,361.5,0.001927,0.006677,1741,2339,598.5,1777,2466,688.9,3.940,5.026,1.086
19.2,362.3,0.001947,0.006515,1749,2331,581.8,1787,2456,669.6,3.955,5.008,1.054
19.4,363.2,0.001968,0.006354,1758,2323,564.6,1796,2446,649.6,3.969,4.990,1.021
19.6,364.1,0.001991,0.006192,1767,2314,546.6,1806,2435,629.0,3.984,4.971,0.9871
19.8,364.9,0.002015,0.006029,1777,2305,528.0,1817,2424,607.5,4.000,4.952,0.9521
20.0,365.7,0.002040,0.005865,1786,2295,508.6,1827,2412,585.1,4.016,4.931,0.9158
20.2,366.6,0.002067,0.005700,1796,2285,488.4,1838,2400.,561.7,4.032,4.910,0.8780
20.4,367.4,0.002097,0.005531,1807,2274,466.8,1850.,2386,536.9,4.049,4.887,0.8381
20.6,368.2,0.002129,0.005359,1818,2262,444.0,1861,2372,510.5,4.067,4.863,0.7959
20.8,369.0,0.002165,0.005181,1829,2248,419.3,1874,2356,482.1,4.086,4.837,0.7507
21.0,369.8,0.002206,0.004996,1841,2234,392.4,1888,2339,451.0,4.106,4.808,0.7015
21.2,370.6,0.002253,0.004800,1855,2217,362.3,1903,2319,416.3,4.129,4.776,0.6467
21.4,371.4,0.002312,0.004588,1870.,2198,327.7,1920.,2296,376.4,4.155,4.739,0.5839
21.6,372.2,0.002388,0.004351,1889,2175,285.8,1940.,2269,328.2,4.186,4.695,0.5086
21.8,372.9,0.002498,0.004068,1913,2144,231.3,1967,2233,265.5,4.227,4.638,0.4109
22.0,373.7,0.002704,0.003648,1952,2093,141.1,2011,2173,161.7,4.295,4.545,0.2501
22.06,373.9,0.003106,0.003106,2016,2016,0.000,2084,2084,0.000,4.407,4.407,0.000
0.006117,0.01,9.156,,,,,,,,,,
0.007,1.881,9.106,,,,,,,,,,
0.008,3.761,9.057,,,,,,,,,,
0.009,5.444,9.014,,,,,,,,,,
0.01,6.97,8.975,,,,,,,,,,
0.012,9.654,8.908,,,,,,,,,,
0.014,11.97,8.852,,,,,,,,,,
0.016,14.01,8.804,,,,,,,,,,
0.018,15.84,8.761,,,,,,,,,,
0.02,17.5,8.723,,,,,,,,,,
0.024,20.41,8.657,,,,,,,,,,
0.028,22.94,8.601,,,,,,,,,,
0.032,25.16,8.553,,,,,,,,,,
0.036,27.15,8.511,,,,,,,,,,
0.04,28.96,8.473,,,,,,,,,,
0.045,31.01,8.431,,,,,,,,,,
0.05,32.87,8.394,,,,,,,,,,
0.055,34.58,8.36,,,,,,,,,,
0.06,36.16,8.329,,,,,,,,,,
0.065,37.63,8.301,,,,,,,,,,
0.07,39,8.275,,,,,,,,,,
0.075,40.29,8.25,,,,,,,,,,
0.08,41.51,8.227,,,,,,,,,,
0.085,42.66,8.206,,,,,,,,,,
0.09,43.76,8.186,,,,,,,,,,
0.095,44.81,8.167,,,,,,,,,,
0.1,45.81,8.149,,,,,,,,,,
0.11,47.68,8.115,,,,,,,,,,
0.12,49.42,8.085,,,,,,,,,,
0.13,51.03,8.057,,,,,,,,,,
0.14,52.55,8.031,,,,,,,,,,
0.16,55.31,7.985,,,,,,,,,,
0.18,57.8,7.944,,,,,,,,,,
0.2,60.06,7.907,,,,,,,,,,
0.24,64.05,7.844,,,,,,,,,,
0.28,67.52,7.791,,,,,,,,,,
0.32,70.59,7.745,,,,,,,,,,
0.36,73.35,7.705,,,,,,,,,,
0.4,75.86,7.669,,,,,,,,,,
0.45,78.72,7.629,,,,,,,,,,
0.5,81.32,7.593,,,,,,,,,,
0.5,81.32,7.593,,,,,,,,,,
0.55,83.71,7.561,,,,,,,,,,
0.6,85.93,7.531,,,,,,,,,,
0.65,87.99,7.504,,,,,,,,,,
0.7,89.93,7.479,,,,,,,,,,
0.75,91.76,7.456,,,,,,,,,,
0.8,93.49,7.434,,,,,,,,,,
0.85,95.13,7.414,,,,,,,,,,
0.9,96.69,7.394,,,,,,,,,,
0.95,98.18,7.376,,,,,,,,,,
1,99.61,7.359,,,,,,,,,,
1.1,102.3,7.327,,,,,,,,,,
1.2,104.8,7.298,,,,,,,,,,
1.3,107.1,7.271,,,,,,,,,,
1.4,109.3,7.246,,,,,,,,,,
1.5,111.3,7.223,,,,,,,,,,
1.6,113.3,7.201,,,,,,,,,,
1.7,115.1,7.181,,,,,,,,,,
1.8,116.9,7.162,,,,,,,,,,
1.9,118.6,7.144,,,,,,,,,,
2,120.2,7.127,,,,,,,,,,
2.1,121.8,7.111,,,,,,,,,,
2.2,123.3,7.095,,,,,,,,,,
2.3,124.7,7.08,,,,,,,,,,
2.4,126.1,7.066,,,,,,,,,,
2.5,127.4,7.052,,,,,,,,,,
2.6,128.7,7.039,,,,,,,,,,
2.7,130,7.027,,,,,,,,,,
2.8,131.2,7.015,,,,,,,,,,
2.9,132.4,7.003,,,,,,,,,,
3,133.5,6.992,,,,,,,,,,
3.1,134.6,6.981,,,,,,,,,,
3.2,135.7,6.97,,,,,,,,,,
3.3,136.8,6.96,,,,,,,,,,
3.4,137.8,6.95,,,,,,,,,,
3.5,138.9,6.94,,,,,,,,,,
3.6,139.8,6.931,,,,,,,,,,
3.7,140.8,6.922,,,,,,,,,,
3.8,141.8,6.913,,,,,,,,,,
3.9,142.7,6.904,,,,,,,,,,
4,143.6,6.896,,,,,,,,,,
4,143.6,6.896,,,,,,,,,,
4.2,145.4,6.879,,,,,,,,,,
4.4,147.1,6.864,,,,,,,,,,
4.6,148.7,6.849,,,,,,,,,,
4.8,150.3,6.834,,,,,,,,,,
5,151.8,6.821,,,,,,,,,,
5.2,153.3,6.808,,,,,,,,,,
5.4,154.8,6.795,,,,,,,,,,
5.6,156.1,6.783,,,,,,,,,,
5.8,157.5,6.771,,,,,,,,,,
6,158.8,6.759,,,,,,,,,,
6.2,160.1,6.748,,,,,,,,,,
6.4,161.4,6.737,,,,,,,,,,
6.6,162.6,6.727,,,,,,,,,,
6.8,163.8,6.717,,,,,,,,,,
7,164.9,6.707,,,,,,,,,,
7.2,166.1,6.698,,,,,,,,,,
7.4,167.2,6.688,,,,,,,,,,
7.6,168.3,6.679,,,,,,,,,,
7.8,169.4,6.67,,,,,,,,,,
8,170.4,6.662,,,,,,,,,,
8.2,171.4,6.653,,,,,,,,,,
8.4,172.4,6.645,,,,,,,,,,
8.6,173.4,6.637,,,,,,,,,,
8.8,174.4,6.629,,,,,,,,,,
9,175.4,6.621,,,,,,,,,,
9.2,176.3,6.614,,,,,,,,,,
9.4,177.2,6.606,,,,,,,,,,
9.6,178.1,6.599,,,,,,,,,,
9.8,179,6.592,,,,,,,,,,
10,179.9,6.585,,,,,,,,,,
10.5,182,6.568,,,,,,,,,,
11,184.1,6.552,,,,,,,,,,
11.5,186,6.537,,,,,,,,,,
12,188,6.522,,,,,,,,,,
12.5,189.8,6.507,,,,,,,,,,
13,191.6,6.494,,,,,,,,,,
13.5,193.3,6.48,,,,,,,,,,
14,195,6.468,,,,,,,,,,
14.5,196.7,6.455,,,,,,,,,,
15,198.3,6.443,,,,,,,,,,
15,198.3,6.443,,,,,,,,,,
15.5,199.8,6.431,,,,,,,,,,
16,201.4,6.42,,,,,,,,,,
16.5,202.9,6.409,,,,,,,,,,
17,204.3,6.398,,,,,,,,,,
17.5,205.7,6.388,,,,,,,,,,
18,207.1,6.378,,,,,,,,,,
18.5,208.5,6.368,,,,,,,,,,
19,209.8,6.358,,,,,,,,,,
19.5,211.1,6.348,,,,,,,,,,
20,212.4,6.339,,,,,,,,,,
21,214.9,6.321,,,,,,,,,,
22,217.2,6.304,,,,,,,,,,
23,219.6,6.287,,,,,,,,,,
24,221.8,6.271,,,,,,,,,,
25,224,6.256,,,,,,,,,,
26,226,6.241,,,,,,,,,,
27,228.1,6.226,,,,,,,,,,
28,230.1,6.212,,,,,,,,,,
29,232,6.199,,,,,,,,,,
30,233.9,6.186,,,,,,,,,,
31,235.7,6.173,,,,,,,,,,
32,237.5,6.16,,,,,,,,,,
33,239.2,6.148,,,,,,,,,,
34,240.9,6.136,,,,,,,,,,
35,242.6,6.124,,,,,,,,,,
36,244.2,6.113,,,,,,,,,,
37,245.8,6.102,,,,,,,,,,
38,247.3,6.091,,,,,,,,,,
39,248.9,6.08,,,,,,,,,,
40,250.4,6.07,,,,,,,,,,
41,251.8,6.059,,,,,,,,,,
42,253.3,6.049,,,,,,,,,,
43,254.7,6.039,,,,,,,,,,
44,256.1,6.029,,,,,,,,,,
45,257.4,6.02,,,,,,,,,,
46,258.8,6.01,,,,,,,,,,
47,260.1,6.001,,,,,,,,,,
48,261.4,5.992,,,,,,,,,,
49,262.7,5.983,,,,,,,,,,
50,263.9,5.974,,,,,,,,,,
51,265.2,5.965,,,,,,,,,,
52,266.4,5.956,,,,,,,,,,
53,267.6,5.948,,,,,,,,,,
54,268.8,5.939,,,,,,,,,,
55,270,5.931,,,,,,,,,,
56,271.1,5.922,,,,,,,,,,
57,272.3,5.914,,,,,,,,,,
58,273.4,5.906,,,,,,,,,,
59,274.5,5.898,,,,,,,,,,
60,275.6,5.89,,,,,,,,,,
61,276.7,5.882,,,,,,,,,,
62,277.7,5.875,,,,,,,,,,
63,278.8,5.867,,,,,,,,,,
64,279.8,5.859,,,,,,,,,,
65,280.9,5.852,,,,,,,,,,
66,281.9,5.844,,,,,,,,,,
67,282.9,5.837,,,,,,,,,,
68,283.9,5.829,,,,,,,,,,
69,284.9,5.822,,,,,,,,,,
70,285.8,5.815,,,,,,,,,,
71,286.8,5.808,,,,,,,,,,
72,287.7,5.8,,,,,,,,,,
73,288.7,5.793,,,,,,,,,,
74,289.6,5.786,,,,,,,,,,
75,290.5,5.779,,,,,,,,,,
76,291.4,5.772,,,,,,,,,,
77,292.4,5.765,,,,,,,,,,
78,293.2,5.759,,,,,,,,,,
79,294.1,5.752,,,,,,,,,,
80,295,5.745,,,,,,,,,,
81,295.9,5.738,,,,,,,,,,
82,296.7,5.732,,,,,,,,,,
83,297.6,5.725,,,,,,,,,,
84,298.4,5.718,,,,,,,,,,
85,299.3,5.712,,,,,,,,,,
86,300.1,5.705,,,,,,,,,,
87,300.9,5.699,,,,,,,,,,
88,301.7,5.692,,,,,,,,,,
89,302.5,5.686,,,,,,,,,,
90,303.3,5.679,,,,,,,,,,
90,303.3,5.679,,,,,,,,,,
91,304.1,5.673,,,,,,,,,,
92,304.9,5.666,,,,,,,,,,
93,305.7,5.66,,,,,,,,,,
94,306.5,5.654,,,,,,,,,,
95,307.2,5.647,,,,,,,,,,
96,308,5.641,,,,,,,,,,
97,308.8,5.635,,,,,,,,,,
98,309.5,5.628,,,,,,,,,,
99,310.3,5.622,,,,,,,,,,
100,311,5.616,,,,,,,,,,
102,312.5,5.604,,,,,,,,,,
104,313.9,5.591,,,,,,,,,,
106,315.3,5.579,,,,,,,,,,
108,316.7,5.567,,,,,,,,,,
110,318.1,5.555,,,,,,,,,,
112,319.4,5.542,,,,,,,,,,
114,320.8,5.53,,,,,,,,,,
116,322.1,5.518,,,,,,,,,,
118,323.4,5.506,,,,,,,,,,
120,324.7,5.494,,,,,,,,,,
122,325.9,5.482,,,,,,,,,,
124,327.2,5.47,,,,,,,,,,
126,328.4,5.458,,,,,,,,,,
128,329.6,5.446,,,,,,,,,,
130,330.9,5.434,,,,,,,,,,
132,332,5.422,,,,,,,,,,
134,333.2,5.409,,,,,,,,,,
136,334.4,5.397,,,,,,,,,,
138,335.5,5.385,,,,,,,,,,
140,336.7,5.373,,,,,,,,,,
142,337.8,5.36,,,,,,,,,,
144,338.9,5.348,,,,,,,,,,
146,340,5.336,,,,,,,,,,
148,341.1,5.323,,,,,,,,,,
150,342.2,5.311,,,,,,,,,,
152,343.2,5.298,,,,,,,,,,
154,344.3,5.285,,,,,,,,,,
156,345.3,5.272,,,,,,,,,,
158,346.3,5.259,,,,,,,,,,
160,347.4,5.246,,,,,,,,,,
160,347.4,5.246,,,,,,,,,,
162,348.4,5.233,,,,,,,,,,
164,349.4,5.22,,,,,,,,,,
166,350.3,5.206,,,,,,,,,,
168,351.3,5.193,,,,,,,,,,
170,352.3,5.179,,,,,,,,,,
172,353.3,5.165,,,,,,,,,,
174,354.2,5.15,,,,,,,,,,
176,355.1,5.136,,,,,,,,,,
178,356.1,5.121,,,,,,,,,,
180,357,5.106,,,,,,,,,,
182,357.9,5.091,,,,,,,,,,
184,358.8,5.075,,,,,,,,,,
186,359.7,5.059,,,,,,,,,,
188,360.6,5.043,,,,,,,,,,
190,361.5,5.026,,,,,,,,,,
192,362.3,5.008,,,,,,,,,,
194,363.2,4.99,,,,,,,,,,
196,364.1,4.971,,,,,,,,,,
198,364.9,4.952,,,,,,,,,,
200,365.7,4.931,,,,,,,,,,
202,366.6,4.91,,,,,,,,,,
204,367.4,4.887,,,,,,,,,,
206,368.2,4.863,,,,,,,,,,
208,369,4.837,,,,,,,,,,
210,369.8,4.808,,,,,,,,,,
212,370.6,4.776,,,,,,,,,,
214,371.4,4.739,,,,,,,,,,
216,372.2,4.695,,,,,,,,,,
218,372.9,4.638,,,,,,,,,,
220,373.7,4.545,,,,,,,,,,
